Avg,Peak,Min,RMS,Label
7.5,20,0,8.9,Background Noise
6.0,17,0,7.1,Background Noise
6.5,16,0,8.0,Background Noise
5.0,16,0,6.2,Background Noise
3.8,13,0,4.9,Background Noise
6.1,16,0,7.5,Background Noise
5.3,16,0,6.5,Background Noise
5.5,20,0,6.7,Background Noise
7.5,24,0,8.8,Background Noise
5.9,17,0,7.4,Background Noise
6.8,24,0,8.2,Background Noise
3.8,12,0,4.9,Background Noise
4.3,16,0,5.1,Background Noise
3.5,12,0,4.6,Background Noise
3.4,12,0,4.2,Background Noise
4.3,13,0,5.6,Background Noise
2.8,9,0,3.5,Background Noise
3.1,12,0,3.9,Background Noise
4.7,16,0,5.9,Background Noise
5.5,16,0,6.7,Background Noise
3.3,12,0,4.2,Background Noise
5.0,20,0,6.3,Background Noise
6.2,13,0,7.2,Background Noise
16.1,28,1,16.9,Background Noise
11.0,25,0,12.4,Background Noise
8.6,20,0,10.0,Background Noise
5.2,12,0,6.2,Background Noise
4.0,17,0,5.3,Background Noise
1471.0,4317,32,1841.8,Talking
1488.2,3801,8,1826.1,Talking
1818.0,4345,8,2144.3,Talking
3040.4,6137,80,3431.1,Talking
3853.7,6444,9,4285.5,Talking
1946.4,4169,0,2218.6,Talking
3991.9,6429,17,4441.5,Talking
3588.4,5765,16,3978.6,Talking
1915.8,3388,156,2151.9,Talking
2481.6,4147,36,2746.5,Talking
2847.3,4652,51,3144.0,Talking
1780.9,3072,17,1969.7,Talking
1806.5,3031,4,2000.9,Talking
1572.4,2763,84,1749.5,Talking
1691.6,2787,4,1872.7,Talking
1512.1,2500,20,1671.0,Talking
1120.7,1903,12,1240.8,Talking
1774.9,2916,0,1969.4,Talking
1667.1,3380,20,1874.6,Talking
1914.7,3076,11,2116.5,Talking
407.1,1949,0,544.3,Laughter
283.2,1652,4,376.6,Laughter
22.4,72,0,26.9,Laughter
80.5,588,1,128.9,Laughter
221.5,747,5,278.0,Laughter
484.2,1363,1,576.3,Laughter
409.8,1051,1,498.5,Laughter
274.2,816,0,340.0,Laughter
464.4,1228,0,583.5,Laughter
416.7,1153,8,502.3,Laughter
66.5,268,1,87.2,Talking
48.8,127,0,57.1,Talking
79.0,248,0,96.6,Talking
97.0,241,0,111.9,Talking
85.2,247,0,104.2,Talking
71.4,220,0,86.9,Talking
7.8,28,0,9.9,Talking
53.6,196,0,68.9,Talking
15.6,47,0,19.2,Talking
37.9,72,0,42.0,Talking
91.0,196,0,102.5,Talking
115.9,332,0,136.2,Talking
22.9,92,0,29.8,Talking
110.0,308,1,129.5,Talking
16.2,56,0,19.7,Talking
108.8,297,0,135.7,Talking
87.7,183,1,101.1,Talking
14.6,39,0,17.5,Talking
6.3,19,0,7.8,Talking
30.1,163,0,44.2,Talking
6.6,20,0,8.0,Talking
15.4,83,0,20.3,Talking
45.2,269,0,60.4,Talking
7.1,21,0,8.6,Talking
8.2,28,0,10.3,Talking
8.2,29,0,10.2,Talking
17.5,51,0,21.4,Talking
7.1,27,0,9.0,Talking
98.8,220,0,113.4,Talking
6.1,24,0,7.6,Talking
38.1,228,0,51.3,Talking
17.3,88,0,22.3,Talking
88.6,288,0,109.2,Talking
12.6,33,0,15.1,Talking
10.9,32,0,13.2,Talking
17.3,96,0,25.7,Talking
67.6,169,0,78.0,Talking
12.3,41,0,15.7,Talking
95.1,337,0,117.8,Talking
11.8,40,0,14.8,Talking
13.6,44,0,16.6,Talking
24.9,112,0,31.6,Talking
81.5,293,0,102.5,Talking
9.6,32,0,12.1,Talking
35.7,108,0,43.8,Talking
35.7,100,0,43.2,Talking
27.7,88,0,33.2,Talking
12.6,39,0,14.9,Talking
49.3,129,1,59.1,Talking
19.6,68,0,23.9,Talking
51.0,180,0,64.0,Talking
54.1,155,0,64.4,Talking
9.3,28,0,11.7,Talking
11.9,43,0,14.9,Talking
8.9,31,0,10.6,Talking
21.2,71,0,26.7,Talking
7.8,23,0,9.6,Talking
17.6,88,0,22.6,Talking
68.0,228,0,84.4,Talking
45.3,232,0,63.7,Talking
46.4,139,0,54.2,Talking
6.9,24,0,8.4,Talking
22.4,100,0,28.7,Talking
6.1,27,0,7.9,Talking
10.3,32,0,12.8,Talking
11.7,32,0,14.1,Talking
27.5,104,0,34.5,Talking
6.9,28,0,8.7,Talking
6.9,24,0,8.6,Talking
195.8,496,1,228.0,Talking
182.2,583,4,222.8,Talking
97.6,491,0,125.9,Talking
76.6,560,0,104.3,Talking
74.5,505,0,111.6,Talking
187.7,547,0,225.6,Talking
53.4,416,0,81.9,Talking
112.9,428,1,146.4,Talking
427.5,1292,1,522.9,Talking
117.3,532,0,162.9,Talking
34.6,148,0,43.7,Talking
31.4,156,0,42.0,Talking
87.5,333,0,108.0,Talking
120.4,569,0,158.8,Talking
25.1,100,0,31.8,Talking
179.6,616,3,223.5,Talking
510.9,1259,1,595.9,Talking
84.7,393,0,112.7,Talking
28.3,95,0,35.4,Talking
22.9,116,0,29.3,Talking
95.9,380,0,118.0,Talking
64.4,167,1,74.5,Talking
130.3,477,7,160.0,Talking
350.5,1168,0,444.2,Talking
169.8,899,0,222.1,Talking
230.2,657,1,269.9,Talking
422.5,7496,0,1147.6,Clap
623.3,9068,4,1219.3,Clap
172.7,728,1,222.3,Clap
91.0,324,0,114.7,Clap
131.3,461,0,163.2,Clap
58.4,300,0,74.7,Clap
16.6,61,0,20.3,Clap
33.1,135,0,42.5,Clap
42.4,160,0,52.9,Clap
34.3,140,0,42.9,Clap
345.0,1277,4,439.8,Clap
22.8,75,0,28.6,Clap
75.7,299,0,94.2,Clap
11.1,36,0,13.6,Clap
124.6,423,1,152.6,Clap
51.2,216,0,65.7,Clap
41.9,176,0,53.7,Clap
14.4,52,0,18.4,Clap
334.1,8144,0,982.2,Clap
87.9,320,1,111.1,Clap
64.9,236,0,81.3,Table Dragging
5.6,20,0,7.0,Table Dragging
6.0,20,0,7.4,Table Dragging
4.8,16,0,5.9,Table Dragging
41.9,204,0,50.8,Table Dragging
6.3,19,0,7.9,Table Dragging
27.1,60,0,30.7,Table Dragging
14.4,145,0,21.1,Table Dragging
57.9,225,0,74.5,Table Dragging
128.5,595,0,193.1,Table Dragging
379.3,1732,1,470.7,Table Dragging
5.6,15,0,6.7,Table Dragging
389.3,2127,3,534.0,Table Dragging
78.4,288,0,96.0,Table Dragging
489.1,5536,0,1021.7,Table Dragging
122.1,587,0,154.3,Table Dragging
925.7,8385,0,1764.3,Table Dragging
40.3,153,0,51.0,Table Dragging
201.4,5199,0,651.1,Table Dragging
93.9,400,0,117.1,Table Dragging
38.4,157,0,48.0,Table Dragging
33.1,139,0,41.4,Table Dragging
367.8,7575,0,996.6,Table Dragging
223.4,2228,0,345.1,Table Dragging
277.0,788,4,340.1,Table Dragging
324.4,891,0,385.3,Table Dragging
36.2,121,0,45.7,Table Dragging
26.0,84,0,31.9,Table Dragging
8.4,32,0,10.6,Table Dragging
465.2,2080,3,579.4,Table Dragging
271.5,799,0,334.8,Table Dragging
147.2,565,0,198.7,Table Dragging
184.0,601,0,225.0,Table Dragging
399.2,1585,3,501.6,Table Dragging
193.7,624,0,240.8,Table Dragging
80.1,356,1,102.7,Table Dragging
20.3,79,0,25.6,Table Dragging
10.2,40,0,13.2,Table Dragging
40.3,76,0,45.0,Table Dragging
7.4,24,0,8.9,Table Dragging
3341.8,8817,36,3712.8,Object Drop
146.9,171,123,147.3,Object Drop
6.0,21,0,7.4,Object Drop
5.0,16,0,6.3,Object Drop
4.5,16,0,5.6,Object Drop
4276.4,9231,1739,4493.5,Object Drop
232.9,1084,3,291.3,Object Drop
9.9,28,0,11.5,Object Drop
4.3,13,0,5.3,Object Drop
24.5,109,0,30.1,Talking
13.5,55,0,17.3,Talking
4.7,15,0,5.9,Talking
27.5,104,0,34.2,Talking
17.6,72,0,22.3,Talking
7.4,25,0,9.2,Talking
8.1,29,0,10.0,Talking
28.7,95,0,35.4,Talking
13.7,43,0,16.6,Talking
41.0,139,0,52.4,Talking
7.4,20,0,8.8,Talking
4.5,16,0,5.7,Talking
22.5,84,0,27.7,Talking
23.2,105,0,29.0,Talking
19.8,65,0,24.4,Talking
9.3,36,0,11.7,Talking
13.9,44,0,17.5,Talking
53.5,116,0,60.9,Talking
9.4,32,0,11.6,Talking
9.9,32,0,12.3,Talking
52.9,191,0,65.4,Talking
17.3,61,0,21.9,Talking
66.8,241,0,81.7,Talking
9.7,28,0,11.8,Ring Phone
37.6,104,0,46.0,Ring Phone
9.7,32,0,11.6,Ring Phone
102.5,228,0,119.6,Ring Phone
20.1,52,0,24.3,Ring Phone
124.4,353,0,157.4,Ring Phone
25.4,60,0,30.3,Ring Phone
6.0,19,0,7.5,Ring Phone
122.7,333,0,151.4,Ring Phone
14.4,40,0,16.8,Ring Phone
136.6,340,1,163.7,Ring Phone
10.3,36,0,13.3,Ring Phone
3.8,13,0,4.9,Ring Phone
41.3,140,0,54.0,Ring Phone
10.5,32,0,12.6,Ring Phone
66.7,200,0,83.5,Ring Phone
9.2,47,0,12.6,Ring Phone
20.0,10000,0,450.0,Notification
